Date,Sharpe,HRP,Sortino,SPY
2023-01-04,99856.76484629339,100139.53233067652,99911.05827897176,100772.02600086268
2023-01-05,99326.01017748038,99076.27314454234,99416.64545198147,99621.88238755864
2023-01-06,100329.21074457667,100589.51845996929,100393.7756175447,101906.41227551016
2023-01-09,98948.69586766706,99915.5244387022,99024.17162226817,101848.64929932087
2023-01-10,99091.29430386341,100283.18223873725,99185.03297424376,102562.9039646634
2023-01-11,99874.65930584396,101354.68221994652,100074.65914269257,103860.09656698997
2023-01-12,100157.69663501029,101525.35516577108,100364.13381385843,104238.2392574239
2023-01-13,99736.11693994974,101745.3499773316,99884.2723522794,104642.62188740315
2023-01-17,99131.24238472705,101301.51408897046,99248.69288918478,104450.93407162942
2023-01-18,97235.33641707081,99512.04966520549,97380.75340966877,102801.84707774511
2023-01-19,97447.95489637858,98856.96790295013,97649.41220740089,102053.4779831944
2023-01-20,98183.5459721722,100094.8063719453,98443.14616810279,103954.62388026764
2023-01-23,97877.18765343615,100334.28870370198,98212.51225117025,105201.93635539863
2023-01-24,98485.60331018768,100685.97563230357,98809.83417548047,105089.03523290767
2023-01-25,98604.12399918123,100730.67703615941,98942.04751274375,105128.42439988363
2023-01-26,99421.29966497583,101300.545753633,99766.9624818878,106283.80931363207
2023-01-27,98415.79341136376,101328.82641460632,98749.71967434043,106528.01880515068
2023-01-30,96976.86564801859,99728.40444014815,97260.05253830408,105191.44539517899
2023-01-31,98682.7788273261,101317.21617842937,98990.43191296433,106738.09714879942
2023-02-01,98521.37489557294,101941.1997727256,98784.29107072049,107872.5001421086
2023-02-02,96564.06470336589,102275.75203192796,96878.72089951816,109442.80044271016
2023-02-03,96499.15908693362,101695.66966085682,96745.0592617659,108279.49924264461
2023-02-06,96372.8539370932,101237.01608973174,96659.12307087377,107617.78297170867
2023-02-07,97324.70986612877,102170.27492306863,97734.79706342098,109025.26858530028
2023-02-08,97148.2536837772,101393.02195806282,97537.65352683348,107833.1026158018
2023-02-09,96887.31637744622,100509.80787538266,97309.84598110495,106898.28700592174
2023-02-10,98657.80126001654,101223.6330912229,99087.52900336575,107147.73779788474
2023-02-13,99019.46252972752,102226.44218189472,99447.38176460411,108405.54123323533
2023-02-14,98291.15416086964,101849.88729487803,98696.79332561097,108355.66110603976
2023-02-15,97652.63558707562,101568.51250079433,98048.3986384814,108707.53041960495
2023-02-16,97037.28636064994,100559.03475588778,97472.73962527598,107210.7587931801
2023-02-17,97352.82599696545,100807.97446941645,97686.3603710899,106942.9258326729
2023-02-21,96278.85051211595,98881.8231257697,96522.81874645126,104797.55372541935
2023-02-22,95870.25467721322,98739.96075076096,96099.54830618892,104653.12956628443
2023-02-23,96192.18789224216,99391.97587887464,96436.53157439754,105209.82756372313
2023-02-24,95577.13099964587,98526.84482076079,95863.1867271045,104085.92388996441
2023-02-27,95460.76893956229,98612.46487004955,95761.018648759,104440.43475207892
2023-02-28,94540.51260227719,97960.635576601,94901.82921091627,104054.41757198215
2023-03-01,94584.17412210008,97478.19487877989,94933.22619337476,103655.2595237856
2023-03-02,95085.46417392568,98139.77614094206,95406.19824172265,104461.41667251816
2023-03-03,95979.16136026949,99497.27095752001,96341.8525913629,106136.7770432712
2023-03-06,96753.30489920311,100055.81913969471,97211.15842639212,106210.28899878617
2023-03-07,95253.11775483702,98445.21324142186,95710.94467156223,104582.22572199536
2023-03-08,94580.24532955849,98276.81466433083,95038.05929139123,104752.91489866815
2023-03-09,93446.99569694017,96856.9607842764,93832.77088440707,102820.23760562012
2023-03-10,93036.29830652713,96451.32143572123,93379.86515879603,101336.59848796422
2023-03-13,93169.55408741644,96786.04807858504,93468.75416510314,101192.1743288293
2023-03-14,93651.9510220293,97865.19058155721,93932.19644115343,102864.90151036387
2023-03-15,92299.26761814055,97478.6005557067,92390.26668965837,102221.53397064868
2023-03-16,92719.16327625418,98518.25859804984,92840.76970228773,104015.02004567534
2023-03-17,91622.45521409663,97828.27430885543,91607.68245993624,102798.8126406457
2023-03-20,93329.28335126856,98855.91641515504,93362.6269538216,103787.28679526657
2023-03-21,94627.12870184546,99859.36194575361,94739.71908996036,105150.06670746014
2023-03-22,93195.87567511149,98519.50235855246,93244.10120557563,103357.63390812087
2023-03-23,92587.11584701687,98610.86465580596,92620.01496630207,103637.05290118932
2023-03-24,93319.64860901215,99138.1907881309,93265.03222454412,104317.10954401517
2023-03-27,94357.61955787131,99438.61922830874,94378.79720582144,104512.16617012235
2023-03-28,93997.9344033795,99020.19181661918,94008.34949206504,104277.56990908386
2023-03-29,94517.41959740933,99833.95440572337,94560.4943774654,105793.23362323485
2023-03-30,94846.12912714579,100216.25705467677,94864.79001093608,106412.67675805079
2023-03-31,95513.37497166463,101471.05960774951,95550.04544234538,107912.52461822926
2023-04-03,98421.51320379812,103092.42867248136,98456.72561517505,108323.74518084567
2023-04-04,98364.54103453163,103023.55889964123,98355.36906905769,107722.75108922072
2023-04-05,100811.54404906712,104238.75154187417,100789.14252439504,107440.69054760295
2023-04-06,100669.2144302777,104550.40979651902,100649.33580464443,107859.79395921306
2023-04-10,100490.16680617926,104325.82196048815,100514.73503955021,107970.51329635155
2023-04-11,100987.65802350838,104392.53163874568,101040.31902953888,107999.51181507812
2023-04-12,100986.75995973058,104142.86569946425,101039.3595785757,107559.301093066
2023-04-13,101917.46606025063,105431.79907325568,102004.09962975245,108987.99432902985
2023-04-14,101293.2668022764,105519.9195860973,101433.54685486079,108721.75800071546
2023-04-17,100879.64174995114,105470.6800470644,101083.32917443915,109111.8796122607
2023-04-18,100672.98894453862,105268.82089004302,100884.19326869953,109183.05931446787
2023-04-19,99837.4891480679,104958.01648405862,100021.44590996344,109164.59355261519
2023-04-20,99931.3816219681,105088.25663063781,100108.31665439923,108568.88255808888
2023-04-21,99979.61957316009,105433.09342110407,99987.56684267902,108653.23656571926
2023-04-24,100973.89811146237,105893.86578675781,100999.86557755158,108766.56401408369
2023-04-25,100910.21930089328,105218.87538940458,100907.76357246147,107040.0194605221
2023-04-26,99532.54358153154,104461.5332166825,99529.22568004987,106586.65951107933
2023-04-27,100675.94642784976,106002.88167730196,100700.87087262969,108708.57533596136
2023-04-28,101312.50269500336,106700.1807008231,101377.16543950004,109636.43598257234
2023-05-01,100793.56236964357,106573.9354057606,100877.15532909942,109525.70828610298
2023-05-02,99656.57290884775,105725.88636190952,99676.50050168177,108294.7383027882
2023-05-03,98489.9400768688,104804.43279388922,98474.85800042881,107551.39316607971
2023-05-04,97633.10504307233,103956.55016157303,97591.19565800694,106789.62406417278
2023-05-05,98904.85424278186,105454.81616303544,98906.21850036817,108766.56401408366
2023-05-08,98948.13124970702,105467.65467338408,99008.44878517077,108795.56253281025
2023-05-09,98506.25770148424,105026.96628038501,98598.42455357581,108318.45372441613
2023-05-10,98183.0777041683,105267.78817881865,98235.27059340867,108824.55269220597
2023-05-11,97571.98055807682,105090.81052067773,97606.66446722536,108634.78752252826
2023-05-12,97728.83132766998,105199.58359360104,97710.49677685542,108492.43647744473
2023-05-15,97428.32616147897,105040.9180734569,97424.5586837668,108866.7338756866
2023-05-16,96446.59783258373,104514.31923889638,96454.87847032245,108139.21295228148
2023-05-17,97347.75841726466,105634.61232269678,97432.47099217548,109451.91211333904
2023-05-18,97210.70001541516,105903.06911582852,97413.28114393273,110506.28287306847
2023-05-19,97431.78905204646,105845.57118716575,97623.44599132812,110345.4911441248
2023-05-22,96837.47197045383,105235.42212945085,97139.61060968509,110390.30551682388
2023-05-23,96711.07510835242,104619.07750517155,96975.58124533987,109151.41088786113
2023-05-24,96816.14610211212,104264.69362374567,97077.28014190873,108360.63490789678
2023-05-25,95767.37674952406,104440.64590420469,96039.27731956811,109299.02831138163
2023-05-26,95876.12803533606,105183.33521358814,96172.32176109185,110714.51380459887
2023-05-30,95554.88147069847,104922.69552675208,95949.55602111107,110756.70334741035
2023-05-31,95510.68382041536,104397.42137543004,95911.57410771376,110142.5182317005
2023-06-01,96199.5323264068,105505.8164795148,96584.22587283814,111188.9894237745
2023-06-02,97885.46768125759,107144.68427548041,98286.28794674615,112796.91507254216
2023-06-05,97843.09639351464,107005.20395859798,98249.91021060232,112580.75949536382
2023-06-06,97675.76547882488,106927.41373422836,98205.64930772441,112825.9052319379
2023-06-07,98121.62393139498,106750.91919127422,98673.42626825153,112435.7752610618
2023-06-08,98837.76362653126,107484.94921702938,99344.419306297,113115.84862254937
2023-06-09,98759.79437474084,107411.31216147827,99251.907959841,113318.82989430455
2023-06-12,98322.72485354176,107621.36721622397,98826.90300225404,114346.85204318758
2023-06-13,98517.51356021423,107843.3028814022,99077.11693848997,115100.7215774391
2023-06-14,96815.80079939922,107324.65740346542,97310.86009121468,115237.79788475484
2023-06-15,98025.60225080804,108682.77100062989,98515.93137941013,116666.47440205698
2023-06-16,97514.41531036914,108366.37761726377,97942.81348094236,116269.06345400853
2023-06-20,97469.7696717622,108240.3809565244,97949.51925893319,115665.84578037688
2023-06-21,98148.69150575863,108363.59827376597,98587.62294547027,115073.20266027337
2023-06-22,98335.31278034617,108910.0400525765,98733.31119389946,115488.58616965421
2023-06-23,97833.9717990677,108370.89102449095,98254.48631453422,114615.49585878741
2023-06-26,98067.81265708413,108067.95771928874,98467.32191893426,114147.20614444248
2023-06-27,98390.23631476435,108801.63037348511,98761.67209550929,115398.63141035278
2023-06-28,98064.92516939928,108428.66147135475,98418.22089019504,115456.83743107725
2023-06-29,98752.05312046423,109099.1770414244,99169.85978706619,115911.894324683
2023-06-30,99637.8030009635,110409.74134653216,100040.8019665812,117279.73999137309
2023-07-03,99305.78078852415,110130.20462215341,99696.81722836358,117414.67630999065
2023-07-05,98715.53660017611,109850.71097937909,99106.38139139299,117240.06660714814
2023-07-06,97496.30094045191,108869.7906010595,97889.15680036996,116321.9780183035
2023-07-07,96610.99096331671,107994.25658460682,97097.12672810802,116028.31472546278
2023-07-10,97099.85619107485,108212.90964891772,97589.79990880557,116321.9780183035
2023-07-11,97326.41605632122,108510.63384070105,97876.41781970306,117062.79027776376
2023-07-12,96909.3623169589,108814.01078738073,97459.84328843902,118004.669522214
2023-07-13,96282.41371120463,109052.84107401005,96799.8656927912,118941.25731023472
2023-07-14,97291.84627967418,109944.59321267271,97742.86872350072,118867.16856089092
2023-07-17,97578.52906240999,110223.55613665612,98112.49187853067,119279.90216239159
2023-07-18,98336.25464378575,110855.75814477753,98880.8205006562,120166.22529399756
2023-07-19,98546.39316546606,111027.05580444023,99014.96654636115,120433.44802335254
2023-07-20,100772.8732628635,112370.7209447352,101272.78343806663,119634.42974316783
2023-07-21,101352.93148674964,112779.78297091986,101761.50443117284,119634.42974316783
2023-07-24,102212.46090616951,113662.42310300867,102666.06742667661,120168.87520187776
2023-07-25,102473.99321054766,114015.93064762854,102885.66088537779,120496.96221916818
2023-07-26,102354.9840651979,114141.00479110671,102794.30089277288,120515.46977767516
2023-07-27,102321.8981862231,113783.58813759121,102816.1968287824,119716.45149749045
2023-07-28,102260.86084446973,114693.96180734626,102613.76648234206,120888.51327628917
2023-07-31,102278.14360890529,114375.25737205829,102667.04853679315,121118.6874513068
2023-08-01,102268.23979665407,114339.53308130453,102663.26283466301,120772.10123484026
2023-08-02,102069.71665900642,113579.18716761972,102436.60282547977,119092.05963880994
2023-08-03,102778.61105443715,114056.6278051304,103173.40742554984,118750.77323810375
2023-08-04,102222.57664311622,113408.02605929531,102616.07511960583,118213.67787151365
2023-08-07,103912.62165480584,115010.12931719156,104445.96160437705,119245.52023459617
2023-08-08,103870.71894410667,114722.00944695772,104414.99763170317,118726.94914517475
2023-08-09,103809.33502768888,114198.51618392109,104276.27250495956,117933.2473994121
2023-08-10,103786.1031928661,114120.51761053481,104263.95647777473,117975.57069151719
2023-08-11,104790.9679787978,114683.81731835364,105262.83014186706,117906.77339860289
2023-08-14,104844.9238750789,115059.58654683977,105361.1455322437,118557.62253943087
2023-08-15,103625.3106915003,114057.22649247476,104110.2944483114,117176.56077066335
2023-08-16,102846.57085816431,113409.020297674,103376.39230787527,116316.69492120486
2023-08-17,102993.3983041531,113034.86816066195,103548.19623013913,115430.3885082606
2023-08-18,103381.81456528019,113072.7682116613,103914.2917872529,115485.93626177401
2023-08-21,102196.14443992967,112553.66257723857,102742.25237971642,116237.33143409326
2023-08-22,101501.99254003806,112046.18755941323,102019.63469776811,115922.47723754199
2023-08-23,101159.80275642504,112462.51188711476,101681.8196749178,117213.6009656698
2023-08-24,100954.09696776567,111780.0293093346,101499.72808830121,115589.11548248376
2023-08-25,101950.7591950973,112610.67841912535,102491.63024276607,116403.99977262612
2023-08-28,101970.31133150167,112778.7421204613,102497.49883948038,117142.17048353706
2023-08-29,102346.78088081577,113619.16203884796,102913.23789931195,118835.419822314
2023-08-30,102584.43990009569,113970.75535250265,103187.08190485493,119324.88372170778
2023-08-31,101527.75422647325,113270.85065338998,102101.34532956519,119150.27401886527
2023-09-01,101972.38164137372,113541.04531771077,102575.4910699549,119372.49847024238
2023-09-05,102049.64601315827,113244.2720667352,102694.6853064166,118856.59400736283
2023-09-06,101684.34609631392,112456.33462383553,102354.89132957345,118057.584086509
2023-09-07,102384.64972857745,112919.20017428444,103011.81242396942,117695.13186008482
2023-09-08,102760.71066655472,113175.76288631657,103432.46658213003,117872.3914708075
2023-09-11,102909.97439438192,113742.84488562656,103554.27999560194,118647.59401739406
2023-09-12,103806.65919857197,113709.50308900332,104582.38922580943,117996.73651723523
2023-09-13,103693.62685407608,113945.90344405112,104431.80865550251,118134.29766574042
2023-09-14,104489.32616491386,114609.91925885457,105198.96222958123,119152.92392674545
2023-09-15,103742.83253003523,113390.5981529034,104468.70638201026,117717.32588349761
2023-09-18,104237.33751083068,113791.07763066611,104983.80424004736,117786.36559700663
2023-09-19,103815.10612454911,113372.18241910769,104574.95486240093,117542.0892308412
2023-09-20,104157.36701070455,112901.48464541767,104871.41954921786,116461.47853156645
2023-09-21,103823.94432578437,111931.46280947131,104530.43173440249,114536.56705688017
2023-09-22,103751.19986715165,111649.73259477987,104430.9616036889,114279.02443265216
2023-09-25,104247.38985071944,111951.26702747538,104985.79353698246,114759.58564468827
2023-09-26,103654.05598409758,110781.25610306258,104402.01719216531,113073.64236107621
2023-09-27,103911.38408009779,110630.36760834145,104707.63286296172,113118.757669686
2023-09-28,103954.01637987516,110882.62187811542,104776.15575749401,113774.56389370938
2023-09-29,102686.50765300923,110052.2232640772,103414.76226238701,113498.43011766588
2023-10-02,102541.33563896264,110259.82891679984,103259.33931418194,113453.28973106355
2023-10-03,102121.05186534218,109297.58944491428,102748.74950590312,111934.6166578057
2023-10-04,101313.17979054124,109458.306647483,101928.53376695982,112749.7182905502
2023-10-05,101240.58072583222,109559.232096611,101953.75192939724,112707.22781182805
2023-10-06,101399.96688963429,110302.06936286755,102123.08574909384,114045.3811353308
2023-10-09,102429.41207224787,110859.85322370943,103172.90894187476,114775.52688862354
2023-10-10,102419.00128088734,111185.0392002679,103157.66336362358,115372.90138998946
2023-10-11,101040.56688486326,110587.61585982979,101832.17134877165,115845.51287838502
2023-10-12,101005.64619561512,110420.02353713867,101743.92865543418,115139.26645199896
2023-10-13,102606.56833678439,111041.79187493642,103298.24163396504,114565.77455887802
2023-10-16,102804.77216466705,111743.42978381786,103464.8513953901,115771.16498978481
2023-10-17,102807.35068400792,111412.54956143624,103447.73062335278,115765.8568146936
2023-10-18,102554.83109543935,110648.88937216993,102988.37133961776,114223.25097720567
2023-10-19,102129.4428569095,110117.16182124935,102556.3705161626,113219.65479307302
2023-10-20,101426.9709327493,109399.39202557523,101814.67878827368,111828.40299999654
2023-10-23,100582.01482746359,108971.45292950385,100978.16806645964,111634.58355485549
2023-10-24,100660.7037335364,109365.05833192871,101023.61326672176,112476.25114104856
2023-10-25,100959.86977930111,109002.95801256404,101273.34346974606,110861.94732284058
2023-10-26,100134.32689192722,107597.97669218696,100461.37096889816,109534.43542751278
2023-10-27,98546.00553353917,106386.61953558042,98890.39224636706,109037.94133087221
2023-10-30,99516.74534569372,107839.49557152968,99879.25720491442,110341.57061795505
2023-10-31,100232.91648690807,108567.14081745179,100631.02543701822,111034.55914560938
2023-11-01,100159.17976106155,109161.24414451006,100607.88361591812,112218.70015748964
2023-11-02,101816.31748440315,110883.14930468783,102288.38883867148,114369.30520585673
2023-11-03,101515.40460740284,111074.00116845281,102075.20796134372,115412.7336015005
2023-11-06,101033.43444821304,111192.97349188113,101483.46958023532,115678.24266803075
2023-11-07,100669.94645218107,111235.19732138462,101123.5097763832,116007.44983565541
2023-11-08,100194.6338410608,111140.10540242797,100667.91269837078,116092.4224337689
2023-11-09,99931.5913728742,110402.6531598499,100419.905432246,115187.04838715057
2023-11-10,100369.30840163851,111436.66290866923,100858.65884300822,116984.53022232464
2023-11-13,100786.3862331672,111452.64652165286,101233.91491524687,116873.01674875517
2023-11-14,100985.63315022881,112505.50343612563,101508.29728859536,119140.42672712122
2023-11-15,101022.73374846256,112769.1720073517,101606.69247764142,119392.65281692716
2023-11-16,101239.90615642222,113386.80095529878,101821.44379861276,119538.69868624743
2023-11-17,101505.38846055522,113284.48146432759,102134.95477582041,119687.36938545528
2023-11-20,101638.6059049737,113746.14762687891,102331.57633599281,120608.6846760089
2023-11-21,101997.03296498956,113785.44689584551,102710.65068987432,120345.83387668969
2023-11-22,102146.15272595768,114251.19323498575,102822.95480879325,120810.47056345218
2023-11-24,102786.68576870262,114623.1905780407,103467.98707055271,120884.81009272154
2023-11-27,102193.10193033841,114280.39918404206,102855.81389505505,120667.10803933551
2023-11-28,102084.27982502648,114451.83115132185,102690.99578862073,120786.5879552072
2023-11-29,101393.58498575613,113991.10268738652,102016.35875924035,120701.6069977629
2023-11-30,102956.5201156267,115186.41192573236,103525.44962120609,121176.85167537692
2023-12-01,103265.11261717748,115685.79711053606,103822.31694996443,121893.72281127624
2023-12-04,103207.5602089363,115455.57332404685,103779.22447337817,121253.87454984988
2023-12-05,102389.8334737538,115002.58256770401,103117.67804394459,121229.96686361234
2023-12-06,101566.64092012012,114257.35588270905,102253.22785899081,120741.43920927403
2023-12-07,101141.97263064954,114448.79417253668,101835.78584426807,121662.73778116594
2023-12-08,101289.94146267445,114500.15630930051,102038.36397043738,122185.79783125505
2023-12-11,101366.27009469575,114585.27620126704,102149.98617481683,122661.04250886911
2023-12-12,101216.03171008751,114913.07998640579,102037.59058311001,123221.26814392746
2023-12-13,101948.3009867431,116040.55628127774,102710.54905656607,124920.48604493293
2023-12-14,101728.38214184302,115718.02739004302,102570.8267489017,125321.40791193933
2023-12-15,101014.88864826123,115450.57230541605,101853.0782572173,125115.06618918155
2023-12-18,101304.16307586046,115959.5474926282,102110.81884598294,125818.85497229703
2023-12-19,101788.75228181297,116438.85838846196,102630.48000062577,126583.94272855234
2023-12-20,100015.79513362417,114761.48362147473,100830.44474435727,124829.83746117078
2023-12-21,100634.10837208007,115498.01618118514,101452.71878421851,126013.45183520736
2023-12-22,100870.5891305574,115700.44838363629,101659.24947549893,126266.69776337729
2023-12-26,101076.85311630246,115985.78293132411,101848.76018341156,126799.86424446681
2023-12-27,101138.43958850211,116028.18856031462,101908.28596180979,127029.12725242155
2023-12-28,100925.19568536771,116020.95014388561,101714.24487860141,127077.12653017536
2023-12-29,100971.65061645441,116033.28114844338,101718.9164491149,126709.24909802803
2024-01-02,103110.71358411106,117048.56883556298,103880.30570787186,126000.11870249794
2024-01-04,103100.8432287393,116512.68935389396,103767.5364392551,124568.5665753826
2024-01-05,104128.96944380463,116579.12613915771,104756.73029417379,124739.19723673943
2024-01-08,106784.45683033347,117550.0878630253,107383.56187395874,126519.96876953977
2024-01-09,107158.24211044623,117508.3216144672,107685.38410915069,126328.0301738405
2024-01-10,108996.7436139931,117966.94972071053,109466.58853143617,127042.46038513094
2024-01-11,109443.46375947364,117801.68007772518,109918.71516645119,126986.48630574405
2024-01-12,109871.6693003223,117740.26368951074,110409.33171181589,127074.45154430263
2024-01-16,109686.50858149264,117040.5379668314,110187.64498179014,126607.93400809838
2024-01-17,109330.6994488657,116792.39451913004,109701.23708823045,125904.1619436446
2024-01-18,110348.68313880313,117594.74070296079,110886.8581640786,127023.80235866866
2024-01-19,112438.86017963574,118811.74493510256,113325.65927981875,128607.30204268593
2024-01-22,112648.44124908478,119214.45990304266,113470.42111692349,128879.2227159799
2024-01-23,113132.01290312014,119817.15025671365,113873.09435635475,129255.10002775282
2024-01-24,114611.7488241508,120702.29691424244,115342.58355493931,129396.39779714898
2024-01-25,114579.20728295494,121050.31820452848,114936.08387559846,130100.1615022719
2024-01-26,114980.89621038779,121237.9601484703,115165.80367981196,129934.88917199141
2024-01-29,116565.50491108089,121964.24421112698,116804.5578340589,130963.88936258416
2024-01-30,116673.8280993773,122509.40749385691,116826.19390182021,130862.59935064704
2024-01-31,114948.05572965354,120707.45157983797,114989.56419881394,128727.26679974707
2024-02-01,116730.63192835503,121599.89193702307,116878.28578470474,130412.07321436319
2024-02-02,124756.25842215981,123171.84310142323,124800.94659799492,131784.96791688804
2024-02-05,126747.42531457734,123231.85467511922,126766.7775461325,131305.10888864353
2024-02-06,126039.94521329054,123768.99883411166,125985.76248085547,131686.33617216194
2024-02-07,129142.33352204536,125145.13807801816,129172.22632602423,132784.6602935127
2024-02-08,129467.10692519201,125220.38181904728,129602.33981644527,132843.30099944145
2024-02-09,130737.3057589576,125446.30081383522,130911.15657214576,133611.06374156947
2024-02-12,130633.5851053573,125137.65954462747,130542.76197078582,133552.40631697897
2024-02-13,129887.50322474052,124318.24432963974,129714.65006564275,131712.97735958817
2024-02-14,132368.67014327622,125127.8476623036,132290.67193301604,132909.94994432668
2024-02-15,132842.30692431628,126268.265018105,132934.94976592454,133826.98525748393
2024-02-16,132919.54302498564,126019.11365621845,132955.47184579255,133160.5376052856
2024-02-20,130171.69397278155,125308.63039682076,130259.68645359238,132427.43264887115
2024-02-21,128871.98862181541,125945.80091844998,129023.89422158452,132547.38904660143
2024-02-22,136930.84669982208,128262.45969576672,136677.6299141568,135290.51182510925
2024-02-23,136835.7166494146,128161.98709372076,136491.69204310788,135383.83539474415
2024-02-26,136687.8682110533,127313.25335847856,136500.11188262608,134887.9933259101
2024-02-27,136386.17878667492,126940.21003447073,136258.44949218803,135138.5642682073
2024-02-28,135143.8156364463,126719.15265857193,135217.89995485914,134959.96716454823
2024-02-29,136096.62636670744,126590.12045937679,136169.94971103081,135445.14272721478
2024-03-01,139674.3617304562,127233.41296415757,140183.80902809376,136716.7306991408
2024-03-04,140642.4922955216,126095.31356619508,140961.0982817967,136570.10803599175
2024-03-05,139322.96400052073,124900.23242947497,139109.36355180293,135205.22993175426
2024-03-06,140997.96329650033,125309.61319464463,140516.2422737479,135890.32725108403
2024-03-07,144133.0026746961,125858.75363337722,143590.84570869757,137239.23903339368
2024-03-08,140798.73716826664,125654.12970942384,139879.9888078332,136415.50221187877
2024-03-11,137645.98896836152,125890.48718821007,136538.77079464935,136298.20408135952
2024-03-12,142311.16922994348,126768.43285067394,140825.9664583293,137764.39727552672
2024-03-13,141766.41257764024,127065.31323326893,140001.64245586985,137548.48411894307
2024-03-14,140766.81417346868,127615.60066430786,138978.79399151867,137276.5467269874
2024-03-15,139692.75630842065,127041.35037112942,137777.9879808424,136333.93186142217
2024-03-18,141424.01880342828,127963.67869209393,139687.230307604,137144.19344160322
2024-03-19,142481.91993910132,128957.92239651947,140577.74881119974,137906.3219947368
2024-03-20,143887.07134242746,130140.4599986621,142303.81669309433,139181.85557082508
2024-03-21,144441.09954916322,130155.91680689064,143252.3930837664,139641.81939164115
2024-03-22,145657.31082738278,129523.36953559576,144213.84789292092,139377.07102421846
2024-03-25,145425.11271438788,128962.34208306295,143907.0183602677,138991.998448508
2024-03-26,144065.15143156034,128941.30871915292,142696.84478308517,138735.29175736522
2024-03-27,143371.32675925977,129715.37070071862,142151.64737887765,139901.1759906641
2024-03-28,142929.55363273196,130040.87096508023,141614.74279667975,139874.46792859107
2024-04-01,142697.82485567767,130021.73963145482,141455.34751295258,139631.11944815022
2024-04-02,142327.4880858196,129209.48150294267,141182.8432320396,138743.2999963217
2024-04-03,143433.6380056387,129557.64158330613,142521.8743129634,138895.74075374394
2024-04-04,141749.46124324502,128263.84461711058,140813.97970297546,137200.35142626884
2024-04-05,144841.06648977543,129714.99190411373,143768.39391446608,138633.67573152485
2024-04-08,143613.8543928823,129484.5492066206,142770.28557391162,138711.21688451065
2024-04-09,142012.3102483548,129396.75795684158,141190.17136078837,138871.64080289684
2024-04-10,142799.3909626794,128446.92298635727,141727.36255408195,137481.13299026623
2024-04-11,144604.42182286864,129130.70137045455,143778.18309396607,138518.6931356517
2024-04-12,141988.99222243368,127497.85841691372,140886.4152744914,136606.69682713223
2024-04-15,140013.01453192244,126315.03102193911,138683.07346461274,134895.27430308243
2024-04-16,140752.54632937358,126408.87758676114,139064.79289796067,134649.25083676886
2024-04-17,139216.90451779668,126496.96768699124,137379.85744992306,133852.3641859515
2024-04-18,139957.6205760506,126701.55731858706,137666.53451103286,133576.94095303045
2024-04-19,134170.36537410063,126580.36597973587,132099.10607234974,132411.04000106984
2024-04-22,135998.82783192274,127422.07433063722,133813.69978887055,133630.42395182335
2024-04-23,139043.4225239976,128292.53256238165,136921.70621830013,135216.16393650905
2024-04-24,137189.74133248095,128306.09811558352,135651.35840835836,135151.98935355607
2024-04-25,134600.93370293832,127937.71882594387,133119.06197643586,134638.55089327798
2024-04-26,137557.09323804997,128637.33760380745,136099.23226052415,135914.10954735882
2024-04-29,136780.42564121878,128240.83935580241,135705.82246464197,136395.4398178333
2024-04-30,137295.92509975593,126945.18626792816,136204.22493991445,134234.7617757892
2024-05-01,136372.82916409223,126629.80896584612,135226.96046639126,133798.89790582028
2024-05-02,137265.49390268206,127316.94091941812,135676.2108053118,135050.3733277157
2024-05-03,138713.13257026757,128136.62313607775,137069.78873735384,136724.36276820896
2024-05-06,142758.21662307554,129623.59857360384,141176.8420249824,138136.29554581398
2024-05-07,142971.22034989562,130334.83245793835,141352.59828477463,138288.71122524366
2024-05-08,143266.53181368072,130750.69725916331,141795.6122233168,138302.07779527645
2024-05-09,142953.2810133239,131567.39865107212,141303.65589462785,139098.96444609383
2024-05-10,143137.9116573061,132027.231130584,141459.9974541125,139278.12998425085
2024-05-13,142637.5953474816,131932.7244605867,141016.55276560324,139296.83816669823
2024-05-14,143836.67538945345,132480.00619516592,142512.66216006025,139935.97588500218
2024-05-15,147328.20708522914,134065.3145512615,146041.12807726872,141668.77321804126
2024-05-16,145860.7239851128,133717.21666780146,144413.6876748824,141377.30006988382
2024-05-17,145208.50828486873,134405.15565710366,143760.18937298394,141580.54884022623
2024-05-20,146173.71817848014,133533.80050004285,144623.01963041545,141743.656103816
2024-05-21,147068.3545303828,133946.73659129674,145699.2982322955,142091.27051797736
2024-05-22,146893.53282467276,133355.28171369652,145536.9756387646,141682.1648660666
2024-05-23,149941.4520541678,131910.77924017172,147944.4924296026,140647.29642521555
2024-05-24,151889.1641267305,132427.4460494556,150037.45253648487,141577.87385435353
2024-05-28,154662.90633869398,132007.2366273618,152198.49853569124,141676.81489432117
2024-05-29,154116.76987542812,130966.59327308393,151720.51520790617,140684.69607144868
2024-05-30,151995.88595185333,131009.36818544731,149836.8711979233,139751.4603750997
2024-05-31,152375.19274194792,132340.92533680954,149764.4707263503,141024.335683977
2024-06-03,155470.5706591378,132156.70335148304,152529.94040830334,141139.32663918103
2024-06-04,156056.60371363082,132015.56242498528,153007.57555676473,141297.08393102532
2024-06-05,159846.64483183183,132905.32433908794,156871.51310462016,142976.4400619258
2024-06-06,159613.79514643113,133300.21766715194,156685.8971885887,142973.73163872963
2024-06-07,159836.77012196044,133469.7925879644,157260.27058259223,142799.92443164895
2024-06-10,161720.92610442743,133408.59784444404,159202.0357883474,143241.1299140325
2024-06-11,162077.7660780437,133866.89085658622,159619.9357507621,143586.11949830627
2024-06-12,163702.5300200264,133715.3254638986,161351.57339313228,144765.38702029968
2024-06-13,165882.56955267893,134520.16759460384,164629.98029436238,145056.9103244422
2024-06-14,166506.16313339813,134503.32714138794,165403.96688232262,145145.1347022572
2024-06-17,166897.6239986307,135199.99478510255,166739.89153605618,146300.32735139603
2024-06-18,167834.16201119433,135132.54199275997,167308.3347544417,146672.03335707367
2024-06-20,166478.2321906117,135605.21952024638,165621.7535299879,146273.57749266873
2024-06-21,164261.4499424473,134970.76628877927,163290.52053916393,146077.48430953585
2024-06-24,162382.15177132742,135902.3042242541,161365.48519049204,145602.65759846443
2024-06-25,166621.01239600088,135772.35717437477,165146.7837756143,146163.33463738882
2024-06-26,166993.72528257297,136070.85455394545,165701.8294299463,146345.73523658566
2024-06-27,167168.3528301934,135804.67956606712,166023.2855573852,146576.4694867704
2024-06-28,165968.27280307392,135696.99193084994,164736.53688117757,145999.6756579628
2024-07-01,166691.50407970083,136176.81963966435,166115.8535239856,146300.160164779
2024-07-02,166589.77265311164,137349.67260352682,166607.75469578052,147284.70543389927
2024-07-03,168178.158936432,137430.98593581998,168508.22788100113,147941.98290015265
2024-07-05,170628.6216130778,138356.41246198566,171157.8747819076,148795.10276961335
2024-07-08,170702.40047338602,137858.7650472325,171433.72013651993,148966.78670665756
2024-07-09,172391.8611565124,137965.31733859895,173134.08988617713,149111.63719166594
2024-07-10,174696.89772960966,138864.54427105407,175153.88613607755,150587.15939906426
2024-07-11,169989.7910666973,138342.8497188783,170215.95962424786,149288.704537779
2024-07-12,170263.26479482188,139164.11103849908,170348.82313928247,150230.3497209654
2024-07-15,170348.8801720193,140976.48168552035,170578.02559755172,150643.51800767038
2024-07-16,169531.8939917843,142250.34188832805,169399.58450180182,151536.8629771923
2024-07-17,163018.26172877869,142415.0559773362,162068.29905153142,149412.10497982046
2024-07-18,162592.21317800813,140688.15555869954,161396.94853867742,148263.90073127416
2024-07-19,161638.4651967476,139468.83286287636,160513.2593396766,147279.33874349215
2024-07-22,164879.91496963808,140079.86041485847,163917.23300468482,148797.7944741478
2024-07-23,165131.08783798572,139738.5064728987,164535.90166040702,148564.40195675206
2024-07-24,158489.74002052948,136984.44084857884,157038.07816679502,145197.56442536277
2024-07-25,155388.68754368933,136322.05494375277,153735.73651995958,144441.01154590765
2024-07-26,156485.1592147707,137791.1273668817,154814.21701061394,146058.69253377995
2024-07-29,156044.98024903747,137870.76203471795,154649.3202733576,146144.55958029462
2024-07-30,152523.55378353456,138437.2917436846,150945.07604811058,145404.1234907227
2024-07-31,159513.4032716567,139691.3532570251,158127.62450016514,147767.57382125064
2024-08-01,159345.66313020632,138354.70477129339,157611.27115876542,145675.09955963033
2024-08-02,156330.91284988634,137103.25275519647,153957.64218929905,142962.8310712983
2024-08-05,150230.9922386257,132625.4148407907,148289.57813456413,138799.2322790544
2024-08-06,154044.0020195069,133861.00289053345,152156.66839932284,140078.89536458376
2024-08-07,150674.1127651387,133720.95214208006,148435.0074068608,139142.6252311354
2024-08-08,158516.35698351878,136529.06917336799,156707.0598415954,142359.2037904549
2024-08-09,161182.88771835223,137491.15827453267,159788.81779760675,142986.9728187997
2024-08-12,162523.8458935644,137588.28555203063,160683.3696226033,143062.12320316173
2024-08-13,167714.03569462703,139000.989588214,166063.2531847277,145414.82343421364
2024-08-14,169524.69639312694,140012.456035018,167735.03117862775,145873.583511387
2024-08-15,172754.46649966168,141724.34731241807,171342.69568695818,148373.92624395192
2024-08-16,172180.11874184938,141963.72454312514,170732.15778260367,148706.56073722598
2024-08-19,174450.70871514885,142633.9489486821,172844.24153054119,150128.38260322926
2024-08-20,174344.51584925695,142535.76130137237,173104.09943696656,149884.27342368086
2024-08-21,175429.48801331373,142304.70234796414,174207.08665275536,150399.35867213688
2024-08-22,173450.55167063425,142142.4102986284,172130.7222895525,149218.95428114754
2024-08-23,175514.9788625399,143172.3784941648,174075.16732163832,150804.45184523857
2024-08-26,173908.8831328601,143366.47877877418,171956.2688800823,150444.96718126695
2024-08-27,174547.83718453665,143929.19627669093,172620.71465293277,150651.5262466269
2024-08-28,172970.95400472617,143511.75958599543,171034.74581389735,149776.97305286094
2024-08-29,170282.42449122504,144621.09873117687,168688.55868415398,149790.39813820968
2024-08-30,172405.23006278984,146043.49442946105,171334.2934502388,151220.29511781625
2024-09-03,166778.5690511676,144659.83222175995,165802.48096800866,148108.3168654514
2024-09-04,165721.93375692243,144617.33126499964,165083.4318573905,147805.15737276248
2024-09-05,164839.00234945765,143098.6691194585,164187.0451759368,147445.67270879087
2024-09-06,160592.79234468483,140966.76748783575,158855.32566602493,144964.15518930525
2024-09-09,163001.11127292374,142337.6308776751,161307.31326362968,146587.20286758468
2024-09-10,163320.35943695434,141684.75156392698,162110.60848006632,147225.70527674386
2024-09-11,168260.03165040346,142101.91567961793,167336.02314962572,148736.0691751345
2024-09-12,171156.1788500933,143012.84757588114,170444.36287624578,149988.9155272897
2024-09-13,170809.80282089335,143188.885210646,170150.72419798226,150772.26842145724
2024-09-16,170699.76359221103,143698.35132455366,169936.0172763749,150994.92755803865
2024-09-17,169792.86883630042,144080.57340997405,169024.05869035804,151056.6361383902
2024-09-18,169079.67245781346,143944.25097806045,168315.68532946828,150608.62616069292
2024-09-19,173347.23632213756,145328.56773214176,172936.28890832086,153178.6857125659
2024-09-20,173106.12521091796,145149.8775998284,173089.44182739683,152913.87882982724
2024-09-23,173469.6681483809,145647.7357903369,173596.55694228163,153296.00056174683
2024-09-24,175218.4943919935,144323.21954343218,175211.41472076924,153734.6313702279
2024-09-25,176345.16102916322,143533.55244510577,176332.22170053932,153395.57691085926
2024-09-26,175780.06690004864,143573.6273706586,175921.40899432122,154003.73494902463
2024-09-27,173671.3312421936,144210.21220380891,173358.51879291545,153780.3736286516
2024-09-30,174716.36373966304,145088.4047990004,174324.9608440866,154396.5900617586
2024-10-01,173163.00745076535,144633.76478741196,172483.86316053252,153013.43846027798
2024-10-02,174157.68180816885,145053.80789502955,173255.43183385342,153078.0393691044
2024-10-03,176096.16495819786,144777.90849523345,174718.40480499162,152798.16897216992
2024-10-04,178457.5005837659,146608.3759590129,177399.35665436016,154186.68726405772
2024-10-07,178524.98756004282,144841.22453731098,177141.833980587,152792.78556310106
2024-10-08,181724.20712216088,145319.45524178006,180650.56758761333,154237.82965021196
2024-10-09,182221.30982163368,146437.7069918604,181397.1075009346,155306.16885179555
2024-10-10,182235.1711927046,146545.47011899838,181022.986866365,155034.37356846436
2024-10-11,183887.37168395525,147652.14959527506,182374.1482180487,155962.7274155956
2024-10-14,185245.96275662052,148415.28916876166,183435.61198650888,157238.29442900734
2024-10-15,180697.76345358256,146530.01163118705,179718.98787606272,156016.57822494605
2024-10-16,181961.3947639607,147842.09814641892,180619.16033619252,156694.68714368332
2024-10-17,182409.33088527157,148099.85477387183,181371.41972703472,156708.14566635547
2024-10-18,182893.16248279647,148320.3328157104,181684.05848967232,157310.95373277535
2024-10-21,184143.49763258698,147862.7458624139,182404.28106596912,157052.60025345467
2024-10-22,184859.26995745412,147821.4736891031,183085.67713827168,156969.17413154888
2024-10-23,181270.5409712093,146523.6900036195,179397.3931427444,155534.8968625757
2024-10-24,181178.70750957134,146053.4600107004,179975.38027105384,155871.25961740987
2024-10-25,182192.58070220856,145986.17478562615,181046.75986150024,155817.40880805947
2024-10-28,182523.1890114504,146801.36883555155,181399.9106910133,156299.1236077532
2024-10-29,184381.9683936789,146663.87910244815,183742.47881913194,156552.093678005
2024-10-30,181146.64655175904,146973.19689823815,180260.75698162348,156078.4707105763
2024-10-31,175652.84056707108,145138.76151997692,174521.05200236957,153018.82186934678
2024-11-01,176143.64720290503,145200.48384896445,174826.8525609138,153664.6804896559
2024-11-04,175027.9734021512,144320.13084649536,173318.0381488943,153333.6844252289
2024-11-05,177714.53968227922,145521.35512621645,176098.90192224339,155187.75057094204
2024-11-06,179995.89122563842,151278.00307249738,178802.4673219545,159046.60159763505
2024-11-07,183966.0415265552,151400.67193530017,182700.88050476124,160276.35947797622
2024-11-08,185343.83493005135,152228.2414376603,184502.12236269505,160970.61862392013
2024-11-11,184240.21369498188,152684.11679921282,183579.9801734432,161123.99562639784
2024-11-12,184464.7120214641,152244.80193850596,183288.03863916703,160623.48905094818
2024-11-13,183033.38296240944,152162.0012815127,181865.50199739513,160701.5150451234
2024-11-14,181265.7944247341,151305.82654542374,179693.69517973592,159668.18472114918
2024-11-15,175427.09434250105,150124.38181162928,173913.44938132155,157623.07442813792
2024-11-18,174033.5520626746,150624.15869603053,172753.80446456463,158268.91632978537
2024-11-19,176536.72141097987,150035.3727113449,175097.1431557995,158847.44889941023
2024-11-20,178229.1630760138,150462.06711927854,176372.03432037972,158901.26627143723
2024-11-21,177988.1016323873,150663.2076295494,176100.44056904624,159754.31926625108
2024-11-22,176069.40036719295,150881.08648182047,174777.60659111923,160249.4591512936
2024-11-25,175544.05997393877,152036.13089291353,174527.1423936219,160793.03299929423
2024-11-26,178441.89072425792,152627.39388503504,177624.67216765674,161632.61075277423
2024-11-27,177406.40709662353,152774.70441804978,176301.17742939672,161142.83755813888
2024-11-29,179315.33399244995,153264.5357424453,178298.23577676548,162143.90086502332
2024-12-02,181307.50119435968,153597.98934589798,180653.86724176374,162434.50464277214
2024-12-03,184069.26577763655,153203.5208025923,183439.1647068705,162509.87236973632
2024-12-04,186610.16124318933,153052.77151479296,186101.42026067077,163518.96063423893
2024-12-05,185473.52255663104,152430.82051311794,185437.6919384148,163249.8570554422
2024-12-06,185538.57120305242,152443.82532532612,186940.48882744243,163559.33620225548
2024-12-09,182595.90710122781,151802.53345822069,183869.69498663963,162717.06674424105
2024-12-10,181711.32738281108,152306.50711665367,182804.66887230394,162211.17675972256
2024-12-11,183799.79005334247,152519.3958758331,186006.4043902047,163465.17669953534
2024-12-12,181713.18685905583,151376.56395882324,183937.8117711211,162622.90724152094
2024-12-13,181226.816636808,152896.41307284805,186532.55136265355,162590.5733497843
2024-12-16,180315.44769300544,153124.93429196105,187646.9897412748,163284.8492143899
2024-12-17,178915.47821609996,152572.4031967551,186185.0933099277,162612.0902673981
2024-12-18,175242.67745425928,149256.00376201744,181052.20061703963,157765.7013311397
2024-12-19,175134.8001112093,149437.52758216392,180753.05277877106,157717.26736818155
2024-12-20,176865.41705544584,151072.45788731333,182238.19796859476,159611.59205127932
2024-12-23,181570.53513515776,152379.05447682564,187495.6066374281,160567.39794092946
2024-12-24,182745.79571374078,153784.05716763926,189381.9640007678,162352.1150778921
2024-12-26,182444.43615265857,154140.06788442357,189225.0243425991,162362.91533335324
2024-12-27,180268.88357204566,152927.83511763343,186724.7958598533,160653.79998461867
2024-12-30,178823.1898079511,151379.63803547792,184780.755827602,158820.4649794192
2024-12-31,177176.75734986106,151318.19977846424,182882.35798682907,158242.68474957102
2025-01-02,179678.76016342087,150808.5121109356,185055.81357282356,157853.8588343079
2025-01-06,181477.19912701938,151017.5261599572,186777.75051143943,160748.31057923465
2025-01-07,178514.4894302108,150746.5384513301,184239.00557272582,158931.19267588857
2025-01-08,178088.277777405,150929.7594228118,184062.64803500485,159163.38144964163
2025-01-10,174942.21900835127,149363.37978579957,181333.31771789587,156733.3574082061
2025-01-13,174762.08736660582,150252.93585009986,181345.04127104415,156976.3798747437
2025-01-14,174895.4510992653,149871.76150734964,181303.5629330347,157192.35154664327
2025-01-15,179199.94913319297,152635.5643230146,185946.78503235604,160051.6941019904
2025-01-16,178108.46006009023,151403.45128850723,185123.24523388752,159743.88682134758
2025-01-17,181095.06340571336,152191.35851250283,187803.46045685952,161347.72475732848
2025-01-21,182334.7854073836,153121.68493135463,189810.0640519093,162824.58445766318
2025-01-22,183751.8646451359,153241.59997916344,191033.32797231022,163739.93118598827
2025-01-23,184737.43022320967,154425.69489103285,192323.93037867532,164633.62724740594
2025-01-24,183601.47796857075,154909.7017578684,191925.08367170332,164152.999160723
2025-01-27,177222.77471038178,156758.61681091716,187678.05345309663,161831.0111112224
2025-01-28,181825.22397639905,157350.67311581355,191488.44652752017,163221.51892385303
2025-01-29,180076.41675174597,157270.83080052488,189778.82765958057,162489.7932570292
2025-01-30,181591.0199724537,158033.3879587836,191364.1723210555,163361.92224484798
2025-01-31,179186.52962883498,157098.76298906127,189563.93393553203,162492.51839888704
2025-02-03,177244.0189100407,156745.5900290111,188131.82490857597,161399.00089277636
2025-02-04,179322.39425590564,158320.86713016228,189803.1025642381,162481.70142476418
2025-02-05,182797.5265201842,158365.43059057454,192411.8190153388,163140.51700789435
2025-02-06,185267.49147567307,158812.78899937004,195110.0819429486,163707.51370094306
2025-02-07,184763.35565769245,157628.1146645631,194372.43503858478,162209.02005236264
2025-02-10,185980.38098430834,158287.09854022495,194741.24711394493,163310.61267207662
2025-02-11,186970.37869477712,158864.5361375038,195245.65339916688,163434.83232854158
2025-02-12,186460.8890025648,158233.07436540604,194983.93887765758,162908.3115154796
2025-02-13,189408.72941637316,159770.02154416678,197909.44965083874,164628.22711967534
2025-02-14,190928.03713585294,159072.44191677563,198844.0164350475,164620.1018500869
2025-02-18,191612.67513104805,159126.67882648282,198976.66643950186,165103.42164130424
2025-02-19,191240.13477006974,159702.60502320068,198748.91547496067,165492.23083790566
2025-02-20,189606.43505922405,158839.5666408689,196242.6992207401,164803.72291158815
2025-02-21,186374.25271871928,156244.37023031636,192621.9332090804,161984.9231108746
2025-02-24,185676.30224317499,156951.52275405827,192310.86264200753,161247.7805976585
2025-02-25,183426.22579931509,156874.82797324847,190238.7317109755,160445.9034263223
2025-02-26,184970.46011562773,156251.39325947734,191501.06631711012,160526.87190495752
2025-02-27,181016.2136191901,156242.33986970864,188451.60250266318,157964.56981211543
2025-02-28,185396.72944631765,158858.5693956134,192947.4676313592,160429.70304313055
2025-03-03,179153.120692069,156642.0772393851,187717.0375139978,157618.97835602032
2025-03-04,176675.7472983144,154753.6181336107,184441.13290750256,155753.27602176077
2025-03-05,177776.83384339698,155750.69877196083,186336.238593489,157427.26546225406
2025-03-06,173467.92359621247,154743.0380831082,181757.84920262944,154632.75787699723
2025-03-07,174403.46673838486,154466.47286836806,181442.80329187567,155499.45329976204
2025-03-10,169348.55063551108,151527.32244868862,175673.1440058769,151357.65564238094
2025-03-11,168785.54006203727,150074.44492465004,175693.5933843213,150099.40916249517
2025-03-12,171474.50273843712,150127.4890375789,178455.06015133735,150895.9363620859
2025-03-13,170045.1603961617,148490.8059095176,176952.7604221521,148884.43057910082
2025-03-14,175385.19523846815,151478.74073698,182195.11269789032,151959.72808768583
2025-03-17,175670.33957957744,152816.6283688199,182506.28418059295,153131.5558052207
2025-03-18,173492.01794921543,152187.983335624,180266.04415842367,151476.4250151302
2025-03-19,175818.56807468738,153893.8786738773,182435.98287775047,153126.13895882844
2025-03-20,176307.3890937447,154287.8389049679,183140.67335675415,152683.34520358295
2025-03-21,176371.57300617488,154449.414038269,183378.29304926848,152733.70181263713
2025-03-24,180037.38705880207,156833.5357539463,187886.84063556427,155468.94174215125
2025-03-25,180881.73863848674,157561.66316036836,188969.85125051998,155842.67070589514
2025-03-26,177949.85272238177,156868.3886522123,186081.8447181312,153982.18459408742
2025-03-27,176654.86897289517,156941.73186858074,184854.5640806324,153573.2461287937
2025-03-28,173227.39222647963,154086.65986704902,180818.44059911586,150480.5444933742
2025-03-31,174136.15137112376,155547.9812707308,181633.48201970712,151490.66931490248
2025-04-01,174888.53490939297,155517.0166139156,182431.14348082335,151918.5667425692
2025-04-02,175659.4176586319,156119.62016736605,183514.03047816927,152879.9566652287
2025-04-03,164951.82068661004,150571.94743067195,174032.25930623335,145345.90911066733
2025-04-04,153349.95868913183,141531.64033988578,162386.72487870159,136836.92951746582
2025-04-07,154893.05710003412,140885.09980962824,164162.95843129253,136593.2048671366
2025-04-08,153597.995880165,140208.32033202326,163713.20021529953,134453.7678847882
2025-04-09,171446.4895088315,151313.04717354884,181384.80921821084,148574.0151872321
2025-04-10,164463.55794907204,147107.97523065467,174971.47737560023,142063.65128884144
2025-04-11,169086.5955041703,150441.1019580145,178891.78614160666,144598.4679018412
2025-04-14,169178.6142962757,150962.50294440115,178671.6434301217,146001.28064948638
2025-04-15,169131.46282619552,150335.7644239727,178234.13863925356,145592.32546553094
2025-04-16,163670.03990524705,147658.94393483902,172610.71557545097,142356.11083803946
2025-04-17,163307.22892037372,146409.18611717084,171327.01955500923,142559.22585908824
2025-04-21,158930.75451632513,142455.56798599465,166418.39123123145,139165.9310455515
2025-04-22,163285.22112489858,146110.76384166421,170914.53183002377,142786.7166889023
2025-04-23,167090.79145255228,147979.2533716149,175048.24586644914,144999.24766022313
2025-04-24,170561.56235589064,150212.16268873334,178436.13026510194,148051.33966636218
2025-04-25,172753.7265678501,150851.99947175704,180819.12343590223,149121.0665168673
2025-04-28,172052.72770816804,150909.22861377875,180198.5515493139,149177.9266853245
2025-04-29,172883.14559662255,151267.49983151784,181163.49130008245,150117.64922241485
2025-04-30,172547.7272089161,151167.40995809837,180851.72716617366,150177.21781406822
2025-05-01,174468.93666534498,150766.01876240695,182541.133818254,151241.527818181
2025-05-02,177408.40200933084,152534.79707934626,186564.26801534364,153486.5933051789
2025-05-05,174457.78897790925,150527.91476457345,183890.6969665144,152606.43935974193
2025-05-06,173721.9515833956,149189.08117537398,182320.97408916758,151330.8890649919
2025-05-07,175710.57310183105,149012.560896492,184148.38465893708,151967.3183600997
2025-05-08,176495.44535011664,149183.72283865092,184647.18880466413,153026.17808049684
2025-05-09,176365.80094099767,149003.98155867305,184270.85136323542,152831.22176635987
2025-05-12,182715.6906200019,152534.88513002533,190377.72403381433,157881.8960299864
2025-05-13,186432.95976269667,150161.15356375705,192565.10081310544,158924.52192986838
2025-05-14,188031.0497210617,149407.84723387746,193928.93757827178,159127.6369509172
2025-05-15,188303.8318780438,148475.04695588903,193362.4356381678,159904.87081490085
2025-05-16,188877.62799282122,150421.72316427497,194823.40487141963,160917.72077828695
2025-05-19,188131.76230667354,151370.6800026765,194786.4034820282,161093.73484871266
2025-05-20,187087.44896501262,150670.00231227913,194006.93260418135,160552.1170841315
2025-05-21,184451.12964372896,148051.1152681006,191394.49842062866,157846.6698097749
2025-05-22,184385.4856526914,147461.98809644883,191325.13333359396,157908.96354328614
2025-05-23,182873.77745737496,146321.2858236673,190064.23941091768,156831.12814185437
2025-05-27,186636.63417773158,148503.41732732134,193976.19868372395,160091.73529677282
2025-05-28,185667.91262601127,147862.28847043708,192905.92058012623,159165.55487566316
2025-05-29,187745.1808801945,148404.76174509953,194743.36900677282,159793.82546385913
2025-05-30,186354.39391873206,148943.34180870885,193620.84268355594,159615.11968889902
2025-06-02,188055.75985171963,149613.9297696309,195190.67317564727,160514.23259670893
2025-06-03,189557.1061386215,149408.68219400902,195800.70934397887,161429.5458877106
2025-06-04,189433.78578239022,149428.53530196848,195867.04673786793,161386.21111657238
2025-06-05,187889.2943691258,148817.31065022358,193967.82792698816,160606.2688293926
2025-06-06,190187.9735051369,151131.1746913598,196718.61022382398,162255.5313692248
2025-06-09,190222.03740308294,151222.904790185,197124.9754816162,162401.76950315465
2025-06-10,191534.27794485114,152651.77546595168,198484.63894418319,163322.5497965337
2025-06-11,190870.243431301,152930.71811348185,197592.26085355887,162856.73444412104
2025-06-12,191852.1394009162,153566.87711404802,198411.71652128344,163503.98071335166
2025-06-13,189174.2763503981,151907.13256525117,195623.1431415391,161676.01239855934
2025-06-16,191915.56884619567,152769.8479381149,198389.347894566,163214.2128686881
2025-06-17,190940.42997725384,152298.523801221,197027.41268130665,161819.54210929305
2025-06-18,191472.6670365105,150949.9970578295,197440.3170951658,161795.14958186608
2025-06-20,191260.24701357124,150156.10714076296,196230.71267427393,161415.18455730635
2025-06-23,192380.17966978587,150669.24884879976,198264.845677632,163009.54301210077
2025-06-24,194749.4457950163,151782.3608171336,201267.7103558998,164810.34350162317
2025-06-25,196478.61108096465,151400.03267770718,202210.1832003924,164902.69738887923
2025-06-26,197979.01774771675,152470.89162578862,203832.45665599353,166192.859793959
2025-06-27,198874.29410637464,153009.38089898307,204952.39887653253,167018.5610582242
2025-06-30,199991.384568548,153601.42733936087,205841.2703445925,167817.1112158812
2025-07-01,198694.3574633543,154608.00223644474,204555.75062633265,167762.80900266476
2025-07-02,200054.84059872304,153907.9939535213,204602.19284163523,168523.34092360554
2025-07-03,202493.61575798792,155386.75272972055,206984.57125809006,169851.53828406325
2025-07-07,200428.7508505268,153808.2886195567,204700.61194441924,168585.7684064104
2025-07-08,200083.8908693799,153912.91250796308,203753.59569366957,168493.44795647782
2025-07-09,201751.61499983302,154638.35883264095,205354.55720429576,169503.84027659334
2025-07-10,202783.6570979247,154725.64385708544,206239.56523891634,169981.87697071207
2025-07-11,202033.0662991956,154460.92696167043,205558.32499780634,169384.3520013908
2025-07-14,201832.59145970948,154347.59291591408,205907.70732303415,169707.5571694635
2025-07-15,202679.37607602967,152691.40250380075,205642.48295214784,168982.35178070446
2025-07-16,202809.82198248303,153086.70089464393,205903.3435310794,169547.2920783635
2025-07-17,204005.66325496495,152727.8925042501,206865.43898051255,170584.86894241069
2025-07-18,203596.1750923931,152140.81203264967,207208.418328984,170459.93038349246
2025-07-21,203859.26180714899,152636.0261055977,207517.25623501049,170783.15227022686
2025-07-22,202840.90796664427,153299.8820497751,206896.81151861258,170807.59495363894
2025-07-23,205711.18491478314,155011.21033217246,209817.27432768416,172260.73087301487
2025-07-24,206568.13796593397,154640.76192255702,209793.93019396148,172317.77494675084
2025-07-25,207124.0952839751,155367.37175142963,210748.09409775815,173045.70547736774
2025-07-28,208158.28531844902,155335.79584882114,211452.94339274603,173002.25367559757
2025-07-29,206570.87930687575,152852.45139743606,208794.38434786088,172545.9345230331
2025-07-30,207585.63601824208,152809.8749774556,209815.82528124948,172328.64207685884
2025-07-31,207860.6851292999,151897.71853241042,210791.94062485517,171682.19830339
2025-08-01,204100.59773405606,149184.0646333965,207012.5232148702,168868.24691457077
2025-08-04,206131.4016065456,149497.66347683984,209121.20430940186,171435.02960874967
2025-08-05,205042.8528041007,149628.19569572952,208435.2507797288,170565.85982405258
2025-08-06,207160.63318886838,150232.77415065005,209922.44089892096,171872.3229242943
2025-08-07,206327.9903944471,147512.40991305737,207576.62254671953,171728.37524701798
2025-08-08,208860.04156320964,149133.58333830122,209624.40602707874,173067.42301892192
2025-08-11,208273.7181127411,148974.04837873057,209519.5554143768,172725.19201382942
2025-08-12,210619.70530538852,150777.58944320006,212241.19193130764,174564.02745872975
2025-08-13,210962.53281893444,152678.97736574055,212642.54269452376,175161.5858653744
2025-08-14,211895.60712795221,153769.21006193175,213954.56263929454,175177.86984187464
2025-08-15,210601.42720727678,155648.35330807572,213684.29904924482,174767.7276329382
2025-08-18,210784.35746090332,155567.16216044754,213749.02017910188,174729.7261148837
2025-08-19,208887.0324287215,155337.40246741343,212053.64493759404,173781.77799623468
2025-08-20,208985.1894734387,155063.3972384054,212144.96390864634,173320.02527861623
2025-08-21,208497.0273403272,155206.81857221745,211597.78847341452,172624.712856985
2025-08-22,211389.96123698517,157310.4494713523,214620.67393938318,175275.67401284637
2025-08-25,211434.41820995568,156627.0625624199,214351.17789632728,174504.27496179758
2025-08-26,213388.67921753146,157739.33207788772,216382.7567633406,175234.91391561064
2025-08-27,213872.0171286874,158418.55353681277,216671.21167227413,175634.18899443912
2025-08-28,214562.57844486725,159111.3518698293,217287.33847370787,176256.17336583414
2025-08-29,212747.70905093895,159752.5366144289,215876.0416671483,175205.03766714456
2025-09-02,211016.43867544646,159149.1773727283,214177.41558446756,173906.73327381464
2025-09-03,211520.9194679813,160057.00933001708,214881.1067425418,174849.2143900862
2025-09-04,213437.05861360184,161414.4486011328,217195.76903915402,176310.50901637398
2025-09-05,209962.5358943588,159261.23683973725,213738.5334198232,175799.87093193133
2025-09-08,209746.1477536879,159478.45945414837,213305.6873045156,176231.74740108376
2025-09-09,211170.69684287807,161679.91261079969,215815.42437879465,176639.1644681624
2025-09-10,212934.48586516356,160788.04395872523,216515.47675925662,177149.78583394332
2025-09-11,214458.11154137267,162230.79760842872,218676.46350153186,178621.96430900076
2025-09-12,214883.47520715752,162232.70896990853,219098.27058264293,178562.1783747452
2025-09-15,215485.45915097484,162827.1349145152,219878.04956724073,179512.83491659036
2025-09-16,215412.55409935577,163316.07525569983,219826.7397244124,179265.68294061173
2025-09-17,214587.21119104282,163970.96683749306,219414.9693186501,179042.95692938348
2025-09-18,215961.12357505,162803.48632248462,220500.88490655302,179879.50860509495
2025-09-19,217114.1809613753,163725.05839586665,221534.80389747454,180770.44608733134
2025-09-22,219515.15543084522,164214.2393108702,222872.0340758038,181625.6725081668
2025-09-23,217702.25944169285,163758.49983838372,220895.9493081105,180636.9977296055
2025-09-24,217661.4494398124,163941.14419924704,221283.74740241532,180062.27701484927
2025-09-25,217717.26098323864,162862.9418782832,220126.9150086306,179231.56015207272
2025-09-26,218731.96937538384,163885.41532559518,221383.6509031428,180258.40363530556
2025-09-29,219218.50767842747,163639.33684543558,222309.87110170836,180764.99580361566
2025-09-30,220568.0445459042,164224.35220852177,223690.2172005085,181445.91345751932
2025-10-01,219586.54824415257,165468.83416754915,222934.91325715889,182064.20300467763
2025-10-02,219740.78663724277,165308.72640457336,222776.10192850247,182273.88845977635
2025-10-03,220070.75306815535,166660.07476327143,222848.89753830445,182271.19675524192
2025-10-06,219755.49156395826,167427.84176070432,223229.4406356178,182924.86299056714
2025-10-07,219675.80053646385,167657.63804683986,222961.4296475888,182246.67047852135
2025-10-08,220507.6500247812,167842.43090498564,223488.6851473827,183333.41692664166
2025-10-09,221184.11948173723,167094.38457492943,224467.13592898933,182802.29848161092
2025-10-10,214834.85194968566,163276.00491152686,218373.4554289734,177861.54941869195
2025-10-13,218839.28856428983,164603.8978349678,221861.57813724826,180590.6703180222
2025-10-14,215819.2165477523,164814.35162373757,219370.7202356485,180370.05085816872
2025-10-15,216572.49117468012,165266.88249729815,220417.69968985062,181170.82459783237
2025-10-16,214686.76973533124,163109.07419455206,218036.46169346586,179937.004082697
2025-10-17,216265.60810987794,164172.87541668682,219227.136900078,180958.38056355243
2025-10-20,218325.51814374232,166176.9429706315,221313.88335661302,182840.433748959
2025-10-21,216988.54135336512,165994.77182113106,219962.94663122288,182837.69188843947
2025-10-22,216182.76528115908,165952.64159870116,219133.87075198183,181887.15237722624
2025-10-23,217050.863228488,166470.32838228781,219740.46395704674,182965.72339977304
2025-10-24,219804.59472250674,167595.97135250125,222232.9256024594,184461.0237839679
2025-10-27,222564.2337182502,168890.0659645458,224694.38279967662,186637.24182206637
2025-10-28,224947.88363479948,168637.78919942872,226442.84248072922,187132.95014160682
2025-10-29,226364.27087366738,167748.86910828826,226737.36020255374,187222.8296669306
2025-10-30,223685.80002526924,166841.38416834807,223326.38926904203,185163.7258540726
2025-10-31,222748.09553352397,166825.21352486283,222950.22049880694,185771.11483379957
2025-11-03,222731.0067140819,166574.01810779847,223080.48642824247,186119.74908632494
2025-11-04,221417.96212415877,167110.01831014475,222042.44959179248,183913.57120645186
2025-11-05,221200.69419358906,167416.70160957164,222433.53515583446,184550.9033092917
2025-11-06,219188.2100299275,166765.59567303397,220284.72734935363,182570.7951729878
2025-11-07,220074.59331534637,167293.52445236524,220899.3437398052,182750.5375049736
2025-11-10,224099.48013151536,168779.20608131617,224588.56334208924,185602.25635058346
2025-11-11,222908.29695857296,170358.48435261124,223434.89847468468,186027.12770048165
2025-11-12,223359.3040033613,171065.71658251356,224207.13498366217,186130.63293509462
2025-11-13,220526.7095552085,170211.0148899751,221436.62210841387,183041.97721580765
2025-11-14,220274.56603195902,169089.95476082523,220353.51093139636,183012.03409269475
2025-11-17,217250.24900942066,167727.01286930038,217911.9908430037,181306.9980974161
2025-11-18,215491.16300667572,166552.39360128276,215781.1405095076,179784.47973196622
2025-11-19,217292.87096446307,166525.2284629629,217122.74214783584,180479.0230951591
2025-11-20,214481.5405570871,165664.9440032494,214654.13807141967,177728.1010609661
2025-11-21,214820.99254816686,167400.2786038339,215392.64810360476,179498.4903048479
2025-11-24,217730.31652765232,168863.39785448674,218359.39443946411,182140.44010205055
2025-11-25,218034.46534015075,170817.20563572695,219919.77443243377,183853.634804241
2025-11-26,219816.66119107275,171371.9775924277,221495.33023383011,185122.88216352838
2025-11-28,220612.32697177972,172176.6888865016,222575.3474374156,186133.35807695246
2025-12-01,220292.04499257417,170818.05453582422,221346.11012437957,185283.5819398327
2025-12-02,220592.57814556314,170677.13870820706,221656.12000055687,185626.76590864235
2025-12-03,220312.3517870998,171222.4997020197,221506.5747987748,186269.5482951979
2025-12-04,222187.65331325683,170447.47071676594,223562.31922090388,186405.7217947816
2025-12-05,222303.83332567386,170744.1378925092,223999.04152825547,186759.8063310226
2025-12-08,222283.7095327103,169289.40077645943,223076.9942040303,186198.72804421734
2025-12-09,219648.5808745426,168681.46644521836,219737.30040331968,186038.0115492513
2025-12-10,220731.4043243032,169344.5547815765,220725.0096542355,187271.8655017101
2025-12-11,222213.4433474967,172065.6582778145,222918.89209125456,187707.63741903967
2025-12-12,219946.4712045522,172402.25369160663,221965.6384282956,185689.39401538763
2025-12-15,220409.57635788913,172561.0039868992,223486.14539989174,185408.854871985
2025-12-16,219530.61270687493,171036.00742558856,222770.8955006766,184902.2627036749
2025-12-17,217409.02972763975,170836.1287694964,220655.06213833587,182867.6684488758
2025-12-18,218571.5286310051,171516.7101687249,222203.7796937257,184248.56303102628
2025-12-19,220830.83920347737,171848.24556134833,223587.82885966444,185918.48983672532
2025-12-22,223160.39541479194,172752.24395622243,226005.76389945752,187076.7420009561
2025-12-23,225860.56793678785,173557.7853724801,228124.052804337,187931.7677978511
2025-12-24,226448.88998199443,174174.7861895168,228864.09031826042,188592.84040031143
2025-12-26,226437.04772364016,174082.58923505718,228571.40786886396,188573.7142513214
2025-12-29,225476.89619276614,174122.3014787903,227314.59467947306,187901.7076441063
2025-12-30,225661.15294627874,174535.44304479603,227709.3617505277,187672.26073087283
2025-12-31,224531.67250645952,173579.67912286418,226568.3124267776,186281.8030742273
2026-01-05,224456.2417912953,174140.97128861563,226008.03543321026,187866.1972066458
2026-01-06,225946.31292160446,175243.3234787254,227248.49364905708,188983.47193103866
2026-01-07,226794.47708484938,174863.95644061457,228495.38246166604,188374.31077317105
2026-01-08,226919.98205973173,174493.25957580758,228315.75147928146,188355.184624181
2026-01-09,227755.23783597484,174952.4488798338,229769.4406783952,189600.84195180325
2026-01-12,229890.12603869615,175232.65693556308,232612.9117900622,189898.6013167616
2026-01-13,229074.53253978258,173262.97152731149,233092.96738041146,189518.90379078916
2026-01-14,227588.33456781652,171653.4697781728,231352.5290001827,188587.37339793405
2026-01-15,225686.9159633473,170929.55383195728,229394.20842652657,189100.93724817497
2026-01-16,226569.15780150416,171447.4260736038,229896.30440917003,188942.4944912008
2026-01-20,222168.65741846297,168005.03739013537,225338.71108303417,185096.23261677133
2026-01-21,224517.03227673634,168194.9287517147,227874.60938674773,187232.4428974108
2026-01-22,224742.0132696999,169078.59253321163,228465.96603537202,188210.4010138195
2026-01-23,221999.7727912595,168719.1513805438,226664.38795024503,188278.68002822096
2026-01-26,223754.70197387147,170320.53358585967,228279.61331417228,189234.78685378176
2026-01-27,222841.19568046284,169918.4493380484,227416.22312968975,189988.74834067264
2026-01-28,222448.47777199763,169672.7240082007,226958.63720720485,189969.62219168263
2026-01-29,224209.7562744134,169610.43836543197,228459.86645673472,189592.64980756803
2026-01-30,225380.84014258772,169219.65529519937,229480.07950004464,189027.17451273443
2026-02-02,229183.21963335294,171731.0861870679,233399.2148494188,189966.89704982477
2026-02-03,229473.67518488853,171176.26284252485,232776.30051770638,188360.65162655842
2026-02-04,232539.8595988274,172667.6783403527,234461.160283729,187448.24738269334
2026-02-05,227635.81209442538,169537.56049856415,229935.12833685408,185107.16662152612
2026-02-06,232572.96400717995,172559.74962493713,234076.94681329362,188658.39427285508
2026-02-09,231670.78915668465,172230.4886826954,233687.14243764884,189568.07337486235
2026-02-10,228253.11479794222,171381.37703182577,230725.50701700395,189068.15195257237
2026-02-11,226086.5661109021,170562.5563599278,229515.58403066688,189024.4660895383
2026-02-12,226472.39099870773,169296.58631796672,230301.97443553945,186104.25088692486
2026-02-13,225755.77422198086,167937.27944928277,229251.4357908268,186235.3586320121
2026-02-17,224411.96479606174,168373.61741499937,227156.64020856426,186535.8431388283
2026-02-18,223491.63581078654,168227.6052285206,226236.58316080793,187475.56567591865
2026-02-19,222663.2621033239,167516.36001773225,225303.09658104318,186981.11125600606
2026-02-20,224148.63117331322,168029.92200325636,226532.98686591318,188333.33333333323
2026-02-23,223867.95650312598,165950.8256661731,226995.61363454864,186410.2023961185
2026-02-24,223292.3172104031,166664.7343190379,227079.47394522314,187765.1161779801
2026-02-25,224198.94891808668,168201.48666406516,227750.19722467643,189349.54374772197
2026-02-26,222763.8028419768,168306.4654638944,225653.62825617354,188297.80617721102
2026-02-27,224908.7863102114,168138.13661668752,228076.11967072333,187393.61079624287
2026-03-02,221262.2018020964,166355.51047200846,225038.22623168165,187500.15882728607
2026-03-03,220992.0577244545,166634.47662076322,224355.97155218082,185847.4689618044
2026-03-04,220882.86763996244,167415.40515532778,224936.5257715918,187158.6801619703
2026-03-05,217960.64002171162,167169.92384620325,222522.72573824038,186115.168173018
2026-03-06,217096.2455535952,166006.5817143734,221533.37502169813,183675.7315250428
2026-03-09,220070.07734882782,166865.34982757387,224606.66793608165,185284.73552749044
2026-03-10,219810.6627667455,166495.75570299817,224613.39040239583,184986.95944387035
2026-03-11,219148.66465480629,166058.31042184183,224424.68586120202,184754.77067011732
2026-03-12,216980.4702580708,164509.8262550958,222362.53850189463,181949.27892412062
2026-03-13,216998.70619296248,163529.82206364904,221822.37705439274,180919.42608178093
2026-03-16,218227.1177225141,164810.99299925403,223125.22861218022,182760.61885798158
2026-03-17,216705.9400945094,164131.3629233502,221707.4157199841,183241.3806939581
2026-03-18,214241.46863053358,161440.94488294818,218411.84080768027,180684.49544750832
2026-03-19,213913.41207403055,160967.34095186295,217790.0506789944,180239.22733033058
2026-03-20,211075.34328924175,159384.62190610613,214409.3968380873,177655.3581638896
2026-03-23,213153.3102799972,160944.4908248873,216837.3649551576,179520.74284357677
2026-03-24,211591.64946822159,159983.52126425938,214734.3452397632,178918.1186824356
2026-03-25,213061.03299815123,160605.10445507505,216092.89322315907,179915.18622917263
